file,mse
demo_000.npy,0.7598787546157837
demo_001.npy,0.7082986235618591
demo_002.npy,0.7060471773147583
demo_003.npy,0.7222400307655334
demo_004.npy,0.711299479007721
demo_005.npy,0.7131726741790771
